{
  "features": {
    "PRB": {
      "4g_mean": 0.01197374744524086,
      "5g_mean": 0.026792755266783364,
      "ratio": 2.237624886386971,
      "4g_peak_hour": 22,
      "5g_peak_hour": 21,
      "4g_peak_value": 0.028834006191066002,
      "5g_peak_value": 0.09475967307413961
    },
    "Traffic": {
      "4g_mean": 0.005423541615180415,
      "5g_mean": 0.011283511496427442,
      "ratio": 2.080469238927762,
      "4g_peak_hour": 23,
      "5g_peak_hour": 21,
      "4g_peak_value": 0.016814564022377736,
      "5g_peak_value": 0.026900064797544518
    },
    "Users": {
      "4g_mean": 0.014566491880378896,
      "5g_mean": 0.02402388278478763,
      "ratio": 1.6492565939742752,
      "4g_peak_hour": 21,
      "5g_peak_hour": 20,
      "4g_peak_value": 0.04471446026694651,
      "5g_peak_value": 0.05376859517671723
    },
    "Hour_sin": {
      "4g_mean": 0.00758129600886458,
      "5g_mean": 0.020594908406490756,
      "ratio": 2.716541918744467,
      "4g_peak_hour": 23,
      "5g_peak_hour": 23,
      "4g_peak_value": 0.03511042514680349,
      "5g_peak_value": 0.07116794777995056
    },
    "Hour_cos": {
      "4g_mean": 0.015736112779014284,
      "5g_mean": 0.018950998109240422,
      "ratio": 1.2042998404608232,
      "4g_peak_hour": 23,
      "5g_peak_hour": 18,
      "4g_peak_value": 0.03953416497111418,
      "5g_peak_value": 0.04768005367751863
    }
  },
  "significant_count": 4,
  "segment_analysis": {
    "\u51cc\u6668(0-6)": {
      "PRB": {
        "4g": 0.005765102064628447,
        "5g": 0.011592240534615265,
        "ratio": 2.010757189914637
      },
      "Traffic": {
        "4g": 0.0032194802084159267,
        "5g": 0.006018987349905497,
        "ratio": 1.8695467171080467
      },
      "Users": {
        "4g": 0.007897901331419127,
        "5g": 0.011270831663054101,
        "ratio": 1.42706485171807
      },
      "Hour_sin": {
        "4g": 0.0032526325275846336,
        "5g": 0.00837340424113137,
        "ratio": 2.574338916778949
      },
      "Hour_cos": {
        "4g": 0.00910270730769232,
        "5g": 0.010515143179301802,
        "ratio": 1.1551653010706926
      }
    },
    "\u4e0a\u5348(6-12)": {
      "PRB": {
        "4g": 0.006958234277145734,
        "5g": 0.015845133149201357,
        "ratio": 2.277174028115756
      },
      "Traffic": {
        "4g": 0.003762968799903832,
        "5g": 0.008439411797118473,
        "ratio": 2.2427476331607696
      },
      "Users": {
        "4g": 0.00952947214652357,
        "5g": 0.016593698404915553,
        "ratio": 1.7413011693367897
      },
      "Hour_sin": {
        "4g": 0.0037645075392509497,
        "5g": 0.012455175517128762,
        "ratio": 3.308571520059128
      },
      "Hour_cos": {
        "4g": 0.009685269556507834,
        "5g": 0.01639848118075135,
        "ratio": 1.6931345228680272
      }
    },
    "\u4e0b\u5348(12-18)": {
      "PRB": {
        "4g": 0.013647470098773535,
        "5g": 0.025515442773947416,
        "ratio": 1.8696083518187674
      },
      "Traffic": {
        "4g": 0.005080016110919698,
        "5g": 0.010384971052322002,
        "ratio": 2.0442751327594824
      },
      "Users": {
        "4g": 0.011714313686529004,
        "5g": 0.02612963050905985,
        "ratio": 2.2305709837186645
      },
      "Hour_sin": {
        "4g": 0.005188707479726245,
        "5g": 0.019641584907378256,
        "ratio": 3.785441197005496
      },
      "Hour_cos": {
        "4g": 0.014247757290539289,
        "5g": 0.024750266236960347,
        "ratio": 1.7371329649239051
      }
    },
    "\u665a\u4e0a(18-24)": {
      "PRB": {
        "4g": 0.02152418334041573,
        "5g": 0.054218204609369436,
        "ratio": 2.518942464039502
      },
      "Traffic": {
        "4g": 0.009631701341482208,
        "5g": 0.020290675786363798,
        "ratio": 2.1066532277576853
      },
      "Users": {
        "4g": 0.02912428035704388,
        "5g": 0.042101370562121015,
        "ratio": 1.445575842226094
      },
      "Hour_sin": {
        "4g": 0.01811933648889649,
        "5g": 0.04190946896032464,
        "ratio": 2.3129680193491913
      },
      "Hour_cos": {
        "4g": 0.029908716961317694,
        "5g": 0.024140101839948195,
        "ratio": 0.8071256884711167
      }
    }
  }
}