{
  "config": {
    "data_version": "old",
    "data_path": "D:\\Desk\\desk\\beiyou_c_project\\data\\processed\\barcelona_ready_2019_2022",
    "nodes": [
      8001,
      8002,
      8003,
      8004,
      8005,
      8006,
      8007,
      8008,
      8009,
      8010,
      8011,
      8012,
      8013,
      8014,
      8015,
      8016,
      8017,
      8018,
      8019,
      8020,
      8021,
      8022,
      8023,
      8024,
      8026,
      8027,
      8028,
      8029,
      8030,
      8031,
      8032,
      8033,
      8034,
      8035,
      8036,
      8037,
      8038,
      8039,
      8040,
      8041,
      8042
    ],
    "n_nodes": 41,
    "max_rounds": 10,
    "local_epochs": 5,
    "early_stop_patience": 10,
    "lr_scheduler_patience": 5,
    "lr_scheduler_factor": 0.5,
    "mu_min": 0.0,
    "mu_max": 0.1,
    "n_trials": 1,
    "seed": 42
  },
  "best_mu": 0.09099542060383775,
  "best_smape": 94.54325103759766,
  "trials": [
    {
      "number": 0,
      "value": 94.54325103759766,
      "params": {
        "mu": 0.09099542060383775
      },
      "datetime": "2026-03-26 23:26:28.575616"
    }
  ]
}