{
  "config": {
    "data_version": "old",
    "data_path": "D:\\Desk\\desk\\beiyou_c_project\\data\\processed\\barcelona_ready_2019_2022",
    "nodes": [
      8001,
      8005,
      8008,
      8012,
      8017,
      8026,
      8033
    ],
    "n_nodes": 7,
    "max_rounds": 10,
    "local_epochs": 5,
    "early_stop_patience": 10,
    "lr_scheduler_patience": 5,
    "lr_scheduler_factor": 0.5,
    "mu_min": 0.0,
    "mu_max": 0.1,
    "n_trials": 1,
    "seed": 42
  },
  "best_mu": 0.07764232206671963,
  "best_smape": 102.15852355957031,
  "trials": [
    {
      "number": 0,
      "value": 102.15852355957031,
      "params": {
        "mu": 0.07764232206671963
      },
      "datetime": "2026-03-25 20:12:38.951910"
    }
  ]
}