{
  "data_type": "4g",
  "timestamp": "20260324_114049",
  "feature_importance": {
    "PRB": 0.03217625654072932,
    "Traffic": 0.00027948695207227677,
    "Users": 0.00040059146805218344,
    "Hour_sin": 0.00027622549188589715,
    "Hour_cos": 0.00030171747054579494
  },
  "hourly_importance": {
    "h0": [
      4.825767089124823e-05,
      8.044261237341334e-06,
      3.7284331317620677e-06,
      2.68613753251157e-06,
      3.570175459996542e-06
    ],
    "h1": [
      5.7573308387991236e-05,
      9.291326159806568e-06,
      8.782115795839807e-06,
      2.4769132147402727e-06,
      3.3179960699226872e-06
    ],
    "h2": [
      3.77961903802151e-05,
      6.399403552273533e-06,
      9.362312216446288e-06,
      1.444070533073526e-06,
      3.2090979097213606e-06
    ],
    "h3": [
      3.63247124063593e-05,
      5.8768929628193825e-06,
      1.2295448489558064e-05,
      1.4393439007391135e-06,
      3.6161842192055785e-06
    ],
    "h4": [
      2.8063853937165265e-05,
      6.566056381124184e-06,
      1.500670727104476e-05,
      1.3870246663270072e-06,
      4.550840134949526e-06
    ],
    "h5": [
      1.126813031025496e-05,
      5.66230243378109e-06,
      1.2585888729684674e-05,
      1.7778170263425068e-06,
      7.05550142039911e-06
    ],
    "h6": [
      1.2547082662917954e-05,
      8.74273787994638e-06,
      1.6626348347031345e-05,
      2.1602124259543213e-06,
      1.0949046123111898e-05
    ],
    "h7": [
      1.3817817704485107e-05,
      7.703333319439592e-06,
      1.2165364119380798e-05,
      2.514710736502489e-06,
      1.6573254758915568e-05
    ],
    "h8": [
      1.964214923699138e-05,
      1.1898168603194674e-05,
      2.442261011555027e-05,
      2.331888331201379e-06,
      2.416906211134102e-05
    ],
    "h9": [
      3.243640857673382e-05,
      1.3566801517803131e-05,
      2.3166085092323258e-05,
      3.2853762028496242e-06,
      3.4018574189584976e-05
    ],
    "h10": [
      4.1340996313770974e-05,
      1.4802697401897064e-05,
      2.791264960393606e-05,
      5.218663174614205e-06,
      4.658904841808022e-05
    ],
    "h11": [
      4.9183315159350345e-05,
      1.8476238557957155e-05,
      3.5877728766896814e-05,
      7.050482871341489e-06,
      6.443664764722032e-05
    ],
    "h12": [
      6.448568497978088e-05,
      1.539413867942667e-05,
      4.5301332455609475e-05,
      1.0075736929728224e-05,
      9.063208079456933e-05
    ],
    "h13": [
      0.00010852359785402978,
      2.462386102318849e-05,
      7.320789180074494e-05,
      1.564306982548068e-05,
      0.00012175333030181284
    ],
    "h14": [
      0.00010881928482770003,
      4.996774097030967e-05,
      8.774130543211679e-05,
      2.598109279442839e-05,
      0.00015505584118503103
    ],
    "h15": [
      0.00013727759839370898,
      4.922581932357971e-05,
      0.0001322409682120492,
      4.367860901028652e-05,
      0.000189519602285553
    ],
    "h16": [
      0.0001195473296965531,
      7.145925987076719e-05,
      0.00015269163990970193,
      6.692890818491935e-05,
      0.00021226427679578837
    ],
    "h17": [
      0.00015116924491245215,
      9.200180709913991e-05,
      0.00023582346671754828,
      0.00011900802518378687,
      0.00022106195455498084
    ],
    "h18": [
      0.0005738802190283957,
      0.00028438256353519373,
      0.000396547520399088,
      0.00014165275097515178,
      0.00012657325998310855
    ],
    "h19": [
      0.0005501862086543496,
      0.0003188927894245229,
      0.0004977739463309128,
      0.00012886238463905646,
      0.00029226270437410543
    ],
    "h20": [
      0.0008181728348631258,
      0.00023825781693186568,
      0.0004218224136592426,
      0.0003809280699941695,
      0.0006440787131346745
    ],
    "h21": [
      0.0027376238696349797,
      0.00047900637273774527,
      0.0003803287371006122,
      0.001995697735670448,
      0.0015193957945459898
    ],
    "h22": [
      0.005045491451314838,
      0.0017322230824829148,
      0.00041501143271934404,
      0.0009792845549314382,
      0.0017101352859726108
    ],
    "h23": [
      0.7614267280173763,
      0.0032352213776486046,
      0.006573772886835977,
      0.0026878982265064397,
      0.001736431020708405
    ]
  },