{
  "data_type": "4g",
  "timestamp": "20260324_115513",
  "feature_importance": {
    "PRB": 0.02853954579441996,
    "Traffic": 3.0346855277159625e-05,
    "Users": 6.204884884988978e-05,
    "Hour_sin": 0.00012420462515465774,
    "Hour_cos": 0.00013178924541712797
  },
  "hourly_importance": {
    "h0": [
      2.3708922903412738e-07,
      3.6662704428181447e-09,
      6.700541972410205e-09,
      6.032750092975897e-08,
      1.1534658960227435e-08
    ],
    "h1": [
      1.857928140610486e-07,
      4.297707175268843e-09,
      2.4311394791921753e-08,
      1.9340486642294697e-08,
      1.4009582598314674e-08
    ],
    "h2": [
      1.305867642469141e-07,
      8.441329686192193e-09,
      4.247283618440139e-08,
      1.1710430478464226e-08,
      1.0388465910269219e-08
    ],
    "h3": [
      1.0299778072723633e-07,
      1.6530137774360178e-08,
      6.664242240767384e-08,
      2.925576491270369e-08,
      5.917844073389141e-08
    ],
    "h4": [
      8.082677818380521e-08,
      3.037547754114007e-08,
      9.411113980310091e-08,
      4.1784347440764685e-08,
      1.1893291777227079e-07
    ],
    "h5": [
      7.547876156203175e-08,
      5.550108196636232e-08,
      1.437409411165268e-07,
      5.68069703395122e-08,
      1.9807007438433387e-07
    ],
    "h6": [
      1.537379653085001e-07,
      9.048864829260869e-08,
      1.8859120373451782e-07,
      7.770864870695051e-08,
      3.055224629602306e-07
    ],
    "h7": [
      2.997130311405836e-07,
      1.2335636445615745e-07,
      2.0177587441453166e-07,
      1.0541998967835069e-07,
      4.5556349780350744e-07
    ],
    "h8": [
      9.007763214663145e-07,
      2.2722676273874334e-07,
      2.8386730548222065e-07,
      1.473621606592148e-07,
      6.64872094310873e-07
    ],
    "h9": [
      1.4975604272281638e-06,
      3.5406607277508055e-07,
      3.4777520086749855e-07,
      2.2203294454945055e-07,
      9.532273615921359e-07
    ],
    "h10": [
      2.443383370243316e-06,
      5.257261177225165e-07,
      3.8841250549648477e-07,
      3.3421825191473247e-07,
      1.360578127772957e-06
    ],
    "h11": [
      3.6818070185707743e-06,
      6.83377583347319e-07,
      2.960745889290354e-07,
      5.214035811285111e-07,
      1.9516982422681487e-06
    ],
    "h12": [
      6.414053113058452e-06,
      1.0288261919675332e-06,
      3.0828779888555455e-07,
      8.388869134618033e-07,
      2.871279513548161e-06
    ],
    "h13": [
      1.4583835994268126e-05,
      1.9380655289959227e-06,
      6.283382849480591e-07,
      1.3434422090273298e-06,
      4.228861778791714e-06
    ],
    "h14": [
      2.495212046433555e-05,
      3.161891446528667e-06,
      1.2951162284770567e-06,
      2.2212326123272606e-06,
      6.187726572229819e-06
    ],
    "h15": [
      3.702305313009294e-05,
      4.540602485909541e-06,
      2.9736784829998814e-06,
      3.833495232945835e-06,
      8.82191273694265e-06
    ],
    "h16": [
      4.5306434876313226e-05,
      5.777210640250531e-06,
      5.812227337014425e-06,
      6.409700150431173e-06,
      1.184914891948381e-05
    ],
    "h17": [
      3.878124587389921e-05,
      5.024398355615843e-06,
      1.0823840384289813e-05,
      1.1189438565396145e-05,
      1.650753283217715e-05
    ],
    "h18": [
      0.0001025007867878369,
      1.2487701455576312e-05,
      2.75248984255632e-05,
      1.6844594237730474e-05,
      2.3265613918619935e-05
    ],
    "h19": [
      8.865781087240981e-05,
      1.2484385971557383e-05,
      5.7572901862628296e-05,
      2.071207012469711e-05,
      4.4758101882172716e-05
    ],
    "h20": [
      0.00017494697931720924,
      5.382779148131479e-05,
      7.270314509509043e-05,
      0.0001553523408593967,
      0.00011796818575934297
    ],
    "h21": [
      0.0006363268289410007,
      0.00012286312324727075,
      8.047212403781797e-05,
      0.00022364808734449268,
      0.0002442452347873721
    ],
    "h22": [
      0.001743027545396062,
      8.702174724465854e-05,
      0.00032099337824554214,
      0.0015933671297611973,
      0.0011839657479783233
    ],
    "h23": [
      0.6820267886210508,
      0.0004160457290482666,
      0.0009059799602588975,
      0.0009435232146233013,
      0.0014921689674049997
    ]
  },