{
  "data_type": "5g",
  "timestamp": "20260324_120728",
  "feature_importance": {
    "PRB": 0.03206799001842051,
    "Traffic": 0.00031406113287030425,
    "Users": 0.00037841092888143773,
    "Hour_sin": 0.0006327442145252849,
    "Hour_cos": 0.00018874859966097013
  },
  "hourly_importance": {
    "h0": [
      1.252172837812373e-07,
      5.117345246361844e-08,
      1.470338929645883e-07,
      2.7060273961929337e-08,
      5.554285590950976e-07
    ],
    "h1": [
      1.3953199843310364e-07,
      2.7357208617768788e-08,
      1.2555554284968214e-07,
      2.562143914129731e-08,
      3.085719469742986e-07
    ],
    "h2": [
      1.1531974338609467e-07,
      6.634441384759392e-09,
      1.0600889669792372e-07,
      2.3360792798323272e-08,
      1.4899679297002092e-07
    ],
    "h3": [
      1.588913654901823e-07,
      1.2542704339366232e-08,
      8.984433497498551e-08,
      2.3731768374246082e-08,
      7.823122882953282e-08
    ],
    "h4": [
      3.1578667498196683e-07,
      1.3618597154974524e-08,
      6.942677581615384e-08,
      2.5797708289989627e-08,
      6.951922203967645e-08
    ],
    "h5": [
      6.237592106207818e-07,
      1.81298476319441e-08,
      7.846048268443681e-08,
      3.015174761742527e-08,
      1.0049298357194569e-07
    ],
    "h6": [
      1.1574989218299482e-06,
      2.2373706804502796e-08,
      1.1449360418800504e-07,
      3.902062376768491e-08,
      1.6219946781622285e-07
    ],
    "h7": [
      1.9557189976775933e-06,
      3.098619193815432e-08,
      1.5438375047333504e-07,
      6.039278080423307e-08,
      2.562323708836168e-07
    ],
    "h8": [
      3.3142749501261026e-06,
      4.429099712897358e-08,
      2.204889675217215e-07,
      9.626790715900682e-08,
      3.9269246613738303e-07
    ],
    "h9": [
      5.627816407805577e-06,
      7.779029655579509e-08,
      3.1152968307172304e-07,
      1.602098648327115e-07,
      5.938109124411713e-07
    ],
    "h10": [
      9.061770224303264e-06,
      9.999125519808698e-08,
      4.6440954056961826e-07,
      2.793281014334182e-07,
      8.971368310588758e-07
    ],
    "h11": [
      1.4137453524360076e-05,
      1.329665131111422e-07,
      5.990954317062549e-07,
      4.7614030715230756e-07,
      1.3840609582728548e-06
    ],
    "h12": [
      2.160658695613857e-05,
      2.3376120515446255e-07,
      7.632062784384093e-07,
      8.145376680860281e-07,
      2.2023198886375717e-06
    ],
    "h13": [
      3.1468779224071706e-05,
      3.8124048783763063e-07,
      9.67656688481832e-07,
      1.3434915219974243e-06,
      3.5459438362803493e-06
    ],
    "h14": [
      4.702705577403008e-05,
      3.999254308341323e-07,
      1.211154982756781e-06,
      2.3488090804251167e-06,
      5.759108907121591e-06
    ],
    "h15": [
      6.996705815632341e-05,
      1.4577045035892359e-06,
      1.2691913980833855e-06,
      4.931694207636569e-06,
      9.7139049064214e-06
    ],
    "h16": [
      9.947999395507779e-05,
      2.0766614542332374e-06,
      2.3689447142422303e-06,
      1.1309903332848203e-05,
      1.679377271640594e-05
    ],
    "h17": [
      0.00014314251462920909,
      4.802137863746758e-06,
      3.1535535190404736e-06,
      2.7887003438341685e-05,
      2.900294637874905e-05
    ],
    "h18": [
      0.00019073379564011762,
      1.1626428493274962e-05,
      7.553190450296533e-06,
      6.665608252611072e-05,
      4.9291322488563075e-05
    ],
    "h19": [
      0.000286906649301129,
      4.138928126915746e-05,
      1.1270541044128782e-05,
      0.00012122550262222205,
      7.68182144334703e-05
    ],
    "h20": [
      0.0003208423448253604,
      0.00014446025893717884,
      3.6995199155321975e-05,
      0.00010575658315744094,
      0.00010970312182081167
    ],
    "h21": [
      0.0012431790488336156,
      0.0002481836407008694,
      0.00023879886594390824,
      0.0005793864139847421,
      0.0004413271334693742
    ],
    "h22": [
      0.004280819290387195,
      0.0011391065220651487,
      0.0028747049742038275,
      0.00162064669404861,
      0.0026225770907338593
    ],
    "h23": [
      0.7628598542851072,
      0.005942811771263948,
      0.005900325083872461,
      0.012642287349703043,
      0.0011582841385434982
    ]
  },