node,smape_1d,smape_7d,val_loss_1d,val_loss_7d
8001,58.75084,32.626713,0.0647378906321067,0.01408310713341985
