{
  "00-06": {
    "4g_like": 0.0012247526243340213,
    "5g_like": 0.0020272622538721054,
    "mixed": 0.0016260074391030634
  },
  "06-12": {
    "4g_like": 0.001806812635942471,
    "5g_like": 0.0026187686006542282,
    "mixed": 0.0022127906182983497
  },
  "12-18": {
    "4g_like": 0.004658252300780198,
    "5g_like": 0.004840763379538884,
    "mixed": 0.004749507840159541
  },
  "18-24": {
    "4g_like": 0.021431842913862253,
    "5g_like": 0.02278959519474036,
    "mixed": 0.022110719054301307
  },
  "cluster_6": {
    "type": "\u6df7\u5408\u578b",
    "nodes": [
      8001,
      8014,
      8015,
      8023,
      8025,
      8028
    ],
    "node_count": 6
  },
  "cluster_2": {
    "type": "\u6df7\u5408\u578b",
    "nodes": [
      8002,
      8003,
      8005,
      8011,
      8020,
      8034,
      8035
    ],
    "node_count": 7
  },
  "cluster_3": {
    "type": "\u6df7\u5408\u578b",
    "nodes": [
      8004,
      8009,
      8010,
      8037,
      8038
    ],
    "node_count": 5
  },
  "cluster_1": {
    "type": "\u6df7\u5408\u578b",
    "nodes": [
      8006,
      8007,
      8008,
      8017,
      8018,
      8021,
      8029,
      8036
    ],
    "node_count": 8
  },
  "cluster_0": {
    "type": "\u6df7\u5408\u578b",
    "nodes": [
      8012,
      8013,
      8016,
      8027,
      8042
    ],
    "node_count": 5
  },
  "cluster_4": {
    "type": "\u6df7\u5408\u578b",
    "nodes": [
      8019,
      8022,
      8030
    ],
    "node_count": 3
  },
  "cluster_5": {
    "type": "\u6df7\u5408\u578b",
    "nodes": [
      8024,
      8026,
      8031,
      8032,
      8033,
      8041
    ],
    "node_count": 6
  },
  "cluster_7": {
    "type": "\u6df7\u5408\u578b",
    "nodes": [
      8039,
      8040
    ],
    "node_count": 2
  }
}