hour_code,accuracy
0,0.8040840485350695
1,0.7912966252220248
2,0.7957371225577264
3,0.8192307692307692
