{
  "Simple Voting": {
    "mean": 0.7920828708842027,
    "std": 0.011194555306423742
  },
  "Soft Voting": {
    "mean": 0.7981502034776176,
    "std": 0.01007105064227738
  },
  "Dynamic Weight": {
    "mean": 0.7918608953015168,
    "std": 0.011063206032743269
  },
  "Cost-Sensitive": {
    "mean": 0.7920828708842027,
    "std": 0.011194555306423742
  },
  "Meta-Learner": {
    "mean": 0.8025897151313355,
    "std": 0.010171122620755929
  }
}