hour_code,accuracy
0,0.7826226354600834
1,0.807310035267714
2,0.8276193527715476
3,0.8567766741429029
