{
  "Simple Voting": {
    "mean": 0.8068108974358974,
    "std": 0.008992226946841987
  },
  "Soft Voting": {
    "mean": 0.8170673076923076,
    "std": 0.00681136876197226
  },
  "Dynamic Weight": {
    "mean": 0.8068108974358974,
    "std": 0.008992226946841987
  },
  "Cost-Sensitive": {
    "mean": 0.8068108974358974,
    "std": 0.008992226946841987
  },
  "Meta-Learner": {
    "mean": 0.8185897435897436,
    "std": 0.0
  }
}