feature,mean_abs_shap
feature_1,0.021764152115139913
feature_2,0.021757463887486044
feature_0,1.96033480612998e-05
