{
  "timestamp": "2026-03-24T03:59:55.770593",
  "feature_importance": {
    "4g": {
      "PRB": 0.028539545794419988,
      "Traffic": 3.03468552771596e-05,
      "Users": 6.204884884988975e-05,
      "Hour_sin": 0.00012420462515465777,
      "Hour_cos": 0.0001317892454171281
    },
    "5g": {
      "PRB": 0.032067990018420506,
      "Traffic": 0.00031406113287030436,
      "Users": 0.00037841092888143735,
      "Hour_sin": 0.0006327442145252849,
      "Hour_cos": 0.0001887485996609699
    }
  },
  "barcelona_weights": {
    "00-06": {
      "industrial_like": 0.028539545794419984,
      "commercial_like": 0.032067990018420506,
      "mixed": 0.030303767906420247
    },
    "06-12": {
      "industrial_like": 0.028539545794419984,
      "commercial_like": 0.032067990018420506,
      "mixed": 0.030303767906420247
    },
    "12-18": {
      "industrial_like": 0.028539545794419984,
      "commercial_like": 0.032067990018420506,
      "mixed": 0.030303767906420247
    },
    "18-24": {
      "industrial_like": 0.028539545794419984,
      "commercial_like": 0.032067990018420506,
      "mixed": 0.030303767906420247
    }
  },
  "cultural_mapping": {
    "00-06": 0,
    "06-12": 1,
    "12-18": 2,
    "18-24": 0
  }
}