{
  "4g_hourly_weights": [
    0.021835073245192543,
    0.021835073245192543,
    0.021835073245192543,
    0.021835073245192543,
    0.021835073245192543,
    0.021835073245192543,
    0.054587683112981365,
    0.05741334951651353,
    0.060046451424279494,
    0.06230754729267167,
    0.0640425471748967,
    0.06513321369620383,
    0.06550521973557763,
    0.06513321369620383,
    0.0640425471748967,
    0.06230754729267167,
    0.060046451424279494,
    0.05741334951651353,
    0.021835073245192543,
    0.021835073245192543,
    0.021835073245192543,
    0.021835073245192543,
    0.021835073245192543,
    0.021835073245192543
  ],
  "5g_hourly_weights": [
    0.017241379310344827,
    0.017241379310344827,
    0.017241379310344827,
    0.017241379310344827,
    0.017241379310344827,
    0.017241379310344827,
    0.017241379310344827,
    0.017241379310344827,
    0.06896551724137931,
    0.06896551724137931,
    0.06896551724137931,
    0.06896551724137931,
    0.017241379310344827,
    0.017241379310344827,
    0.08620689655172413,
    0.08620689655172413,
    0.08620689655172413,
    0.08620689655172413,
    0.017241379310344827,
    0.017241379310344827,
    0.051724137931034475,
    0.051724137931034475,
    0.051724137931034475,
    0.017241379310344827
  ],
  "barcelona_segment_weights": {
    "00-06": {
      "industrial_like": 0.021835073245192543,
      "commercial_like": 0.01724137931034483,
      "shift": 0
    },
    "06-12": {
      "industrial_like": 0.05337210862775588,
      "commercial_like": 0.043103448275862065,
      "shift": 1
    },
    "12-18": {
      "industrial_like": 0.06436071479507506,
      "commercial_like": 0.0574712643678161,
      "shift": 2
    },
    "18-24": {
      "industrial_like": 0.021835073245192543,
      "commercial_like": 0.034482758620689655,
      "shift": 0
    }
  },
  "cultural_shift": {
    "00-06": 0,
    "06-12": 1,
    "12-18": 2,
    "18-24": 0
  },
  "feature_names": [
    "PRB",
    "Traffic",
    "Users",
    "Hour_sin",
    "Hour_cos"
  ]
}